Week,RecordDate,Axis,Country,Category,Subcategory,Metric,Value,Unit,Currency,DataYear,PublicationDate,Source,URL,Tier,Definition,DataType,Confidence,CrossChecked,CrossCheckSource,CrossCheckValue,DiscrepancyNote,Notes
2026-W38,2026-09-23,AXIS1,United States,Monetary Policy,Fed Funds Rate,Target Rate Upper Bound,4.00,%,,2026,2026-09-16,CNBC,https://www.cnbc.com/2026/09/16/fed-rate-decision-september-2026.html,Tier 2,연방기금금리 목표범위 3.75~4.00% 상단,Published,Strong,Yes,T. Rowe Price Weekly,3.75-4.00%,불일치 없음,2023년 이후 첫 인상. 25bp. 표결 12-0. 위원 18명 중 16명 연내 추가 인상 가능성. 신임 의장 Kevin Warsh
2026-W38,2026-09-23,AXIS1,South Korea,FX,USD/KRW,Closing Rate,1383.3,KRW,KRW,2026,2026-09-18,서플,https://supple.kr/news/cmu6n6l8w00e28kb5m7s1mwb7,Tier 3,2026-09-18 원/달러 종가,Published,Moderate,No,,,,장중 고가 1387.10원. 전일 대비 +13원
2026-W38,2026-09-23,AXIS1,South Korea,Equity,KOSPI,Index Close,6894.23,pt,,2026,2026-09-18,서플,https://supple.kr/news/cmu6n6l8w00e28kb5m7s1mwb7,Tier 3,2026-09-18 코스피 종가,Published,Moderate,No,,,,5거래일 만에 6800선 탈환. 외국인 +1600억/기관 +1.5조/개인 -3.3조
2026-W38,2026-09-23,AXIS1,China,Macro,Retail Sales,YoY Growth,0.4,%,,2026-08,2026-09-15,경향신문,https://www.khan.co.kr/article/202609151342001/,Tier 2,중국 8월 소매판매 전년동기비 증가율,Published,Strong,Yes,SBS Biz,0.4%,불일치 없음,로이터 전망치 0.8% 하회. 7월 0.6%보다 둔화
2026-W38,2026-09-23,AXIS1,China,Macro,Industrial Production,YoY Growth,5.2,%,,2026-08,2026-09-15,경향신문,https://www.khan.co.kr/article/202609151342001/,Tier 2,중국 8월 산업생산 전년동기비 증가율,Published,Strong,Yes,SBS Biz,5.2%,불일치 없음,전망치 4.8% 상회. 1~8월 고정자산투자 -7.2%. 부동산개발투자 -19.9%
2026-W38,2026-09-23,AXIS1,Global,Commodity,Brent Crude,Spot Price,107,USD,USD,2026,2026-09-18,T. Rowe Price,https://www.troweprice.com/personal-investing/resources/insights/global-markets-weekly-update.html,Tier 2,브렌트유 배럴당 가격 고점(9/17),Published,Moderate,No,,,,후티 세력 예멘 모카항 장악. 9/9 100달러 재돌파는 배경
2026-W38,2026-09-23,AXIS1,South Korea,Labor,Seoul City Bus,Wage Increase Rate,3.2,%,,2026,2026-09-16,머니투데이,https://www.mt.co.kr/policy/2026/09/16/2026091600473290255,Tier 2,2026년 서울 시내버스 임금 인상률,Published,Strong,Yes,서울신문/이투데이,3.2%,불일치 없음,전년 2.9% 대비 +0.3%p. 통상임금 산정 기준 시간은 미합의
2026-W38,2026-09-23,AXIS2,South Korea,Cosmetics Export,Total,Export Value (Sep 1-10),401,USD Million,USD,2026,2026-09-17,코스인코리아,https://www.cosinkorea.com/news/article.html?no=58331,Tier 3,2026년 9월 1~10일 화장품 수출액,Published,Moderate,No,,,,+46.1% YoY. 일평균 4700만 달러. 관세청 원자료 미대조
2026-W38,2026-09-23,AXIS2,South Korea,Cosmetics Export,Europe,Export Growth YoY,88.6,%,,2026,2026-09-17,코스인코리아,https://www.cosinkorea.com/news/article.html?no=58331,Tier 3,9월 1~10일 대유럽 화장품 수출 증가율,Published,Moderate,No,,,,금액 0.92억 달러. 이번 주 최대 단일 증가율
2026-W38,2026-09-23,AXIS2,South Korea,Cosmetics Export,China,Export Share,17.6,%,,2026,2026-09-17,코스인코리아,https://www.cosinkorea.com/news/article.html?no=58331,Tier 3,화장품 수출 내 중국 비중,Published,Moderate,No,,,,1년 전 26.7% → 17.6%. 9.1%p 하락
2026-W38,2026-09-23,AXIS2,South Korea,ODM/OEM,Capex,Total Announced Investment,4300,KRW 억,KRW,2026,2026-09-17,코스인코리아,https://www.cosinkorea.com/news/article.html?no=58331,Tier 3,국내 ODM 3사 증설 투자 합계,Calculated,Moderate,No,,,,코스메카코리아 2000억(2027)/한국콜마 1733억 베이징→세종(2028)/코스맥스 605억 평택
2026-W38,2026-09-23,AXIS2,France,Beauty Company,L'Oreal,Market Capitalization,203,EUR Billion,EUR,2026,2026-09-18,코스인코리아,https://www.cosinkorea.com/news/article.html?no=58336,Tier 3,로레알 시가총액 — 파리증시 1위,Published,Moderate,No,,,,LVMH 2010억 유로 추월. 비럭셔리 1위는 2017년 이후 처음
2026-W38,2026-09-23,AXIS2,Asia Pacific,Beauty Market,Total,Market Size,141.32,USD Billion,USD,2025,2026-09-16,코스인코리아,https://www.cosinkorea.com/news/article.html?no=58325,Tier 3,아태 뷰티 시장 규모,Published,Weak,No,,,,2032년 2343.9억 달러 전망. CAGR 7.5%. 글로벌 화장품 매출의 40%. 원 리서치 출처 미표기
2026-W38,2026-09-23,AXIS2,South Korea,Enforcement,Counterfeit Cosmetics,Illegal Sales Value,45,KRW 억,KRW,2026,2026-09-17,코스모닝,https://cosmorning.com/news/article.html?no=53550,Tier 3,중국산 위조 화장품·건기식 국내 유통 규모,Published,Moderate,No,,,,83만여 점/61종/쿠팡·네이버. 식약처·지재처 특사경 첫 합동수사. 압수 재고 13억원
2026-W38,2026-09-23,AXIS2,South Korea,Cosmetics Equity,Sector,Monthly Return,-20,%,,2026-09,2026-09-20,코스인코리아,https://www.cosinkorea.com/news/article.html?no=58349,Tier 3,9월 중 화장품 섹터 조정폭(개략),Published,Weak,No,,,,주간 30개사 중 16개 상승 14개 하락. 매체 추정치로 산출 기준 미상
2026-W38,2026-09-23,AXIS2,South Korea,Regulation,ZICORAS,Participating Agencies,16,개,,2026,2026-09-16,장업신문,https://www.jangup.com/news/articleView.html?idxno=99823,Tier 3,글로벌 화장품 규제기관 협의체 참여 기관 수(13개국),Published,Moderate,No,,,,식약처 만장일치 의장국 선출. 상설 사무국 한국 설치. 1차 회의 9/7~9 서울. 식약처 원문 미대조
2026-W38,2026-09-23,AXIS2,Pakistan,Regulation,Cosmetics Bill 2026,Max Imprisonment,7,년,,2026,2026-09-18,코스인코리아,https://www.cosinkorea.com/news/article.html?no=58336,Tier 3,파키스탄 일반화장품법 위반 최대 형량,Published,Weak,No,,,,벌금 최대 1000만 루피. 상원 과학기술위 통과 단계. 수은 함유 미백크림 집중 단속
